,open,high,low,close,volume,EUR/USD Exchange Rate,Federal Funds Rate,GBP/USD Exchange Rate,US 10Y Inflation Expectations,US 10Y Treasury,US CPI,US GDP,US Unemployment Rate,USD/CHF Exchange Rate,USD/JPY Exchange Rate,EUR/USD Exchange Rate_lag_1,Federal Funds Rate_lag_1,GBP/USD Exchange Rate_lag_1,US 10Y Inflation Expectations_lag_1,US 10Y Treasury_lag_1,EUR/USD Exchange Rate_lag_5,Federal Funds Rate_lag_5,GBP/USD Exchange Rate_lag_5,US 10Y Inflation Expectations_lag_5,US 10Y Treasury_lag_5,EUR/USD Exchange Rate_lag_20,Federal Funds Rate_lag_20,GBP/USD Exchange Rate_lag_20,US 10Y Inflation Expectations_lag_20,US 10Y Treasury_lag_20
2025-03-17,1.0878,1.09299,1.08684,1.09215,50277.0,1.0922,,1.2988,2.29,4.31,,,,0.8812,148.56,,,,,,,,,,,,,,,
2025-03-18,1.09214,1.09546,1.08924,1.09434,51508.0,1.0927,,1.2987,2.3,4.29,,,,0.8773,149.49,1.0922,,1.2988,2.29,4.31,,,,,,,,,,
2025-03-19,1.09437,1.09457,1.08601,1.0903,56946.0,1.0877,,1.2969,2.31,4.25,,,,0.88,150.02,1.0927,,1.2987,2.3,4.29,,,,,,,,,,
2025-03-20,1.09041,1.09174,1.08148,1.08534,53019.0,1.0848,,1.2973,2.31,4.24,,,,0.8826,148.84,1.0877,,1.2969,2.31,4.25,,,,,,,,,,
2025-03-21,1.0853,1.08617,1.07964,1.08129,49270.0,1.0806,,1.2896,2.33,4.25,,,,0.8834,148.98,1.0848,,1.2973,2.31,4.24,,,,,,,,,,
2025-03-24,1.08184,1.08584,1.07811,1.07992,58234.0,1.0794,,1.2913,2.36,4.34,,,,0.8842,150.74,1.0806,,1.2896,2.33,4.25,1.0922,,1.2988,2.29,4.31,,,,,
2025-03-25,1.08008,1.08295,1.07765,1.07918,57583.0,1.0804,,1.2948,2.35,4.31,,,,0.8819,149.77,1.0794,,1.2913,2.36,4.34,1.0927,,1.2987,2.3,4.29,,,,,
2025-03-26,1.07914,1.08022,1.07343,1.0737,59580.0,1.0781,,1.2889,2.37,4.35,,,,0.8839,150.69,1.0804,,1.2948,2.35,4.31,1.0877,,1.2969,2.31,4.25,,,,,
2025-03-27,1.07367,1.08207,1.07327,1.07975,63715.0,1.08,,1.2963,2.39,4.38,,,,0.8818,150.97,1.0781,,1.2889,2.37,4.35,1.0848,,1.2973,2.31,4.24,,,,,
2025-03-28,1.07975,1.08442,1.07642,1.08276,58886.0,1.0826,,1.2942,2.37,4.27,,,,0.8809,150.26,1.08,,1.2963,2.39,4.38,1.0806,,1.2896,2.33,4.25,,,,,
2025-03-31,1.08203,1.08489,1.07836,1.08139,70004.0,1.0796,,1.2896,2.38,4.23,,,,0.8843,149.9,1.0826,,1.2942,2.37,4.27,1.0794,,1.2913,2.36,4.34,,,,,
2025-04-01,1.0813,1.08295,1.07779,1.07916,64344.0,1.08,4.33,1.2923,2.33,4.17,320.302,30485.729,4.2,0.8827,149.4,1.0796,,1.2896,2.38,4.23,1.0804,,1.2948,2.35,4.31,,,,,
2025-04-02,1.07863,1.09242,1.07796,1.08474,64944.0,1.0868,4.33,1.2974,2.32,4.2,320.302,30485.729,4.2,0.8819,149.98,1.08,4.33,1.2923,2.33,4.17,1.0781,,1.2889,2.37,4.35,,,,,
2025-04-03,1.08436,1.11456,1.08044,1.10507,119095.0,1.1052,4.33,1.3113,2.28,4.06,320.302,30485.729,4.2,0.859,146.04,1.0868,4.33,1.2974,2.32,4.2,1.08,,1.2963,2.39,4.38,,,,,
2025-04-04,1.10499,1.11072,1.09241,1.09623,139554.0,1.1014,4.33,1.2927,2.18,4.01,320.302,30485.729,4.2,0.8547,145.93,1.1052,4.33,1.3113,2.28,4.06,1.0826,,1.2942,2.37,4.27,,,,,
2025-04-07,1.0889,1.10495,1.08778,1.09075,156044.0,1.0912,4.33,1.2729,2.19,4.15,320.302,30485.729,4.2,0.8597,147.96,1.1014,4.33,1.2927,2.18,4.01,1.0796,,1.2896,2.38,4.23,,,,,
2025-04-08,1.09012,1.09913,1.08884,1.09532,131118.0,1.0912,4.33,1.2769,2.22,4.26,320.302,30485.729,4.2,0.856,147.02,1.0912,4.33,1.2729,2.19,4.15,1.08,4.33,1.2923,2.33,4.17,,,,,
2025-04-09,1.09574,1.10944,1.0913,1.09453,161600.0,1.104,4.33,1.2771,2.27,4.34,320.302,30485.729,4.2,0.8413,145.09,1.0912,4.33,1.2769,2.22,4.26,1.0868,4.33,1.2974,2.32,4.2,,,,,
2025-04-10,1.09449,1.12409,1.09425,1.11941,139174.0,1.1192,4.33,1.294,2.19,4.4,320.302,30485.729,4.2,0.8283,144.34,1.104,4.33,1.2771,2.27,4.34,1.1052,4.33,1.3113,2.28,4.06,,,,,
2025-04-11,1.11978,1.14736,1.11806,1.1359,151045.0,1.1325,4.33,1.3051,2.2,4.48,320.302,30485.729,4.2,0.8153,143.57,1.1192,4.33,1.294,2.19,4.4,1.1014,4.33,1.2927,2.18,4.01,,,,,
2025-04-14,1.13103,1.14242,1.12953,1.13484,110580.0,1.1358,4.33,1.3176,2.23,4.38,320.302,30485.729,4.2,0.8139,142.96,1.1325,4.33,1.3051,2.2,4.48,1.0912,4.33,1.2729,2.19,4.15,1.0922,,1.2988,2.29,4.31
2025-04-15,1.13493,1.13784,1.12635,1.128,93117.0,1.129,4.33,1.3223,2.19,4.35,320.302,30485.729,4.2,0.8209,143.1,1.1358,4.33,1.3176,2.23,4.38,1.0912,4.33,1.2769,2.22,4.26,1.0927,,1.2987,2.3,4.29
2025-04-16,1.12795,1.14123,1.12768,1.1397,105299.0,1.1382,4.33,1.3247,2.17,4.29,320.302,30485.729,4.2,0.8142,142.56,1.129,4.33,1.3223,2.19,4.35,1.104,4.33,1.2771,2.27,4.34,1.0877,,1.2969,2.31,4.25
2025-04-17,1.13919,1.14087,1.13352,1.13609,95544.0,1.1364,4.33,1.3259,2.23,4.34,320.302,30485.729,4.2,0.8203,142.33,1.1382,4.33,1.3247,2.17,4.29,1.1192,4.33,1.294,2.19,4.4,1.0848,,1.2973,2.31,4.24
2025-04-18,1.13608,1.13967,1.13519,1.13898,79392.0,1.139,4.33,1.3279,2.23,4.34,320.302,30485.729,4.2,0.8174,142.22,1.1364,4.33,1.3259,2.23,4.34,1.1325,4.33,1.3051,2.2,4.48,1.0806,,1.2896,2.33,4.25
2025-04-21,1.13964,1.15727,1.13844,1.15126,89370.0,1.1508,4.33,1.3385,2.22,4.42,320.302,30485.729,4.2,0.8069,140.81,1.139,4.33,1.3279,2.23,4.34,1.1358,4.33,1.3176,2.23,4.38,1.0794,,1.2913,2.36,4.34
2025-04-22,1.15097,1.15467,1.14162,1.14204,105433.0,1.1466,4.33,1.3376,2.27,4.41,320.302,30485.729,4.2,0.815,140.87,1.1508,4.33,1.3385,2.22,4.42,1.129,4.33,1.3223,2.19,4.35,1.0804,,1.2948,2.35,4.31
2025-04-23,1.14159,1.14394,1.13074,1.13122,119157.0,1.135,4.33,1.3256,2.29,4.4,320.302,30485.729,4.2,0.8271,142.64,1.1466,4.33,1.3376,2.27,4.41,1.1382,4.33,1.3247,2.17,4.29,1.0781,,1.2889,2.37,4.35
2025-04-24,1.13089,1.13974,1.13075,1.13839,88946.0,1.1363,4.33,1.3309,2.3,4.32,320.302,30485.729,4.2,0.8271,142.64,1.135,4.33,1.3256,2.29,4.4,1.1364,4.33,1.3259,2.23,4.34,1.08,,1.2963,2.39,4.38
2025-04-25,1.13844,1.1391,1.13151,1.13618,84359.0,1.1381,4.33,1.3331,2.27,4.29,320.302,30485.729,4.2,0.8285,143.75,1.1363,4.33,1.3309,2.3,4.32,1.139,4.33,1.3279,2.23,4.34,1.0826,,1.2942,2.37,4.27
2025-04-28,1.1364,1.14245,1.1329,1.14152,79138.0,1.1387,4.33,1.3395,2.25,4.23,320.302,30485.729,4.2,0.8254,142.7,1.1381,4.33,1.3331,2.27,4.29,1.1508,4.33,1.3385,2.22,4.42,1.0796,,1.2896,2.38,4.23
2025-04-29,1.1414,1.14217,1.13696,1.13808,84338.0,1.1396,4.33,1.3397,2.23,4.19,320.302,30485.729,4.2,0.8241,142.29,1.1387,4.33,1.3395,2.25,4.23,1.1466,4.33,1.3376,2.27,4.41,1.08,4.33,1.2923,2.33,4.17
2025-04-30,1.13811,1.13989,1.13166,1.13265,85574.0,1.1349,4.33,1.3344,2.23,4.17,320.302,30485.729,4.2,0.8227,142.63,1.1396,4.33,1.3397,2.23,4.19,1.135,4.33,1.3256,2.29,4.4,1.0868,4.33,1.2974,2.32,4.2
2025-05-01,1.13259,1.13405,1.12654,1.12854,74920.0,1.1279,4.33,1.3273,2.25,4.25,320.62,30485.729,4.3,0.8321,145.48,1.1349,4.33,1.3344,2.23,4.17,1.1363,4.33,1.3309,2.3,4.32,1.1052,4.33,1.3113,2.28,4.06
2025-05-02,1.12858,1.13804,1.12739,1.12988,86461.0,1.133,4.33,1.3283,2.27,4.33,320.62,30485.729,4.3,0.8262,144.52,1.1279,4.33,1.3273,2.25,4.25,1.1381,4.33,1.3331,2.27,4.29,1.1014,4.33,1.2927,2.18,4.01
2025-05-05,1.13042,1.13644,1.12921,1.13126,73941.0,1.1315,4.33,1.3284,2.28,4.36,320.62,30485.729,4.3,0.8239,143.98,1.133,4.33,1.3283,2.27,4.33,1.1387,4.33,1.3395,2.25,4.23,1.0912,4.33,1.2729,2.19,4.15
2025-05-06,1.13128,1.13805,1.12795,1.13654,72914.0,1.1345,4.33,1.3369,2.26,4.3,320.62,30485.729,4.3,0.8242,142.76,1.1315,4.33,1.3284,2.28,4.36,1.1396,4.33,1.3397,2.23,4.19,1.0912,4.33,1.2769,2.22,4.26
2025-05-07,1.13662,1.13777,1.12913,1.12948,85320.0,1.1348,4.33,1.3344,2.25,4.26,320.62,30485.729,4.3,0.8215,143.47,1.1345,4.33,1.3369,2.26,4.3,1.1349,4.33,1.3344,2.23,4.17,1.104,4.33,1.2771,2.27,4.34
2025-05-08,1.12948,1.13358,1.12115,1.12224,82893.0,1.1249,4.33,1.3287,2.29,4.37,320.62,30485.729,4.3,0.8291,145.46,1.1348,4.33,1.3344,2.25,4.26,1.1279,4.33,1.3273,2.25,4.25,1.1192,4.33,1.294,2.19,4.4
2025-05-09,1.12224,1.12923,1.11963,1.12466,61598.0,1.127,4.33,1.3318,2.29,4.37,320.62,30485.729,4.3,0.8298,145.15,1.1249,4.33,1.3287,2.29,4.37,1.133,4.33,1.3283,2.27,4.33,1.1325,4.33,1.3051,2.2,4.48
2025-05-12,1.11948,1.12423,1.1065,1.1083,94271.0,1.1106,4.33,1.3194,2.29,4.45,320.62,30485.729,4.3,0.8427,148.09,1.127,4.33,1.3318,2.29,4.37,1.1315,4.33,1.3284,2.28,4.36,1.1358,4.33,1.3176,2.23,4.38
2025-05-13,1.10811,1.11944,1.10802,1.11839,68299.0,1.1176,4.33,1.328,2.32,4.49,320.62,30485.729,4.3,0.8412,147.75,1.1106,4.33,1.3194,2.29,4.45,1.1345,4.33,1.3369,2.26,4.3,1.129,4.33,1.3223,2.19,4.35
2025-05-14,1.11794,1.12651,1.1164,1.11695,79317.0,1.1206,4.33,1.3303,2.37,4.53,320.62,30485.729,4.3,0.8397,146.54,1.1176,4.33,1.328,2.32,4.49,1.1348,4.33,1.3344,2.25,4.26,1.1382,4.33,1.3247,2.17,4.29
2025-05-15,1.11667,1.12275,1.11629,1.11853,65808.0,1.1189,4.33,1.3292,2.34,4.45,320.62,30485.729,4.3,0.8359,145.61,1.1206,4.33,1.3303,2.37,4.53,1.1249,4.33,1.3287,2.29,4.37,1.1364,4.33,1.3259,2.23,4.34
2025-05-16,1.11835,1.12191,1.11306,1.11619,64159.0,1.1141,4.33,1.3257,2.34,4.43,320.62,30485.729,4.3,0.8396,146.02,1.1189,4.33,1.3292,2.34,4.45,1.127,4.33,1.3318,2.29,4.37,1.139,4.33,1.3279,2.23,4.34
2025-05-19,1.11756,1.12876,1.1162,1.1233,76117.0,1.1236,4.33,1.3357,2.36,4.46,320.62,30485.729,4.3,0.8342,144.99,1.1141,4.33,1.3257,2.34,4.43,1.1106,4.33,1.3194,2.29,4.45,1.1508,4.33,1.3385,2.22,4.42
2025-05-20,1.12342,1.12854,1.12176,1.12813,67939.0,1.1254,4.33,1.3371,2.35,4.48,320.62,30485.729,4.3,0.8321,144.72,1.1236,4.33,1.3357,2.36,4.46,1.1176,4.33,1.328,2.32,4.49,1.1466,4.33,1.3376,2.27,4.41
2025-05-21,1.12811,1.13623,1.12774,1.13235,76957.0,1.1343,4.33,1.3447,2.35,4.58,320.62,30485.729,4.3,0.8251,143.68,1.1254,4.33,1.3371,2.35,4.48,1.1206,4.33,1.3303,2.37,4.53,1.135,4.33,1.3256,2.29,4.4
2025-05-22,1.13238,1.13443,1.12553,1.12774,83037.0,1.1281,4.33,1.3426,2.34,4.54,320.62,30485.729,4.3,0.8291,143.89,1.1343,4.33,1.3447,2.35,4.58,1.1189,4.33,1.3292,2.34,4.45,1.1363,4.33,1.3309,2.3,4.32
2025-05-23,1.12773,1.1375,1.12755,1.13589,73965.0,1.135,4.33,1.3511,2.33,4.51,320.62,30485.729,4.3,0.8214,142.61,1.1281,4.33,1.3426,2.34,4.54,1.1141,4.33,1.3257,2.34,4.43,1.1381,4.33,1.3331,2.27,4.29
2025-05-26,1.1363,1.14181,1.13597,1.13811,49785.0,1.135,4.33,1.3511,2.33,4.51,320.62,30485.729,4.3,0.8214,142.61,1.135,4.33,1.3511,2.33,4.51,1.1236,4.33,1.3357,2.36,4.46,1.1387,4.33,1.3395,2.25,4.23
2025-05-27,1.13809,1.14066,1.13227,1.1327,64627.0,1.1326,4.33,1.3505,2.32,4.43,320.62,30485.729,4.3,0.8278,144.37,1.135,4.33,1.3511,2.33,4.51,1.1254,4.33,1.3371,2.35,4.48,1.1396,4.33,1.3397,2.23,4.19
2025-05-28,1.13263,1.13453,1.12833,1.12898,69932.0,1.1286,4.33,1.3462,2.32,4.47,320.62,30485.729,4.3,0.8276,145.04,1.1326,4.33,1.3505,2.32,4.43,1.1343,4.33,1.3447,2.35,4.58,1.1349,4.33,1.3344,2.23,4.17
2025-05-29,1.129,1.13839,1.12099,1.1365,86458.0,1.137,4.33,1.3489,2.32,4.43,320.62,30485.729,4.3,0.8227,144.09,1.1286,4.33,1.3462,2.32,4.47,1.1281,4.33,1.3426,2.34,4.54,1.1279,4.33,1.3273,2.25,4.25
2025-05-30,1.13644,1.13893,1.1312,1.13457,79591.0,1.1347,4.33,1.3468,2.34,4.41,320.62,30485.729,4.3,0.8229,144.18,1.137,4.33,1.3489,2.32,4.43,1.135,4.33,1.3511,2.33,4.51,1.133,4.33,1.3283,2.27,4.33
2025-06-02,1.1346,1.14494,1.13398,1.14376,74434.0,1.1432,4.33,1.3549,2.33,4.46,320.62,30485.729,4.3,0.8173,142.76,1.1347,4.33,1.3468,2.34,4.41,1.135,4.33,1.3511,2.33,4.51,1.1315,4.33,1.3284,2.28,4.36
2025-06-03,1.14339,1.14541,1.13635,1.13708,62698.0,1.1373,4.33,1.352,2.32,4.46,320.62,30485.729,4.3,0.8242,143.93,1.1432,4.33,1.3549,2.33,4.46,1.1326,4.33,1.3505,2.32,4.43,1.1345,4.33,1.3369,2.26,4.3
2025-06-04,1.137,1.1434,1.13566,1.14125,66925.0,1.1424,4.33,1.357,2.31,4.37,320.62,30485.729,4.3,0.8183,142.91,1.1373,4.33,1.352,2.32,4.46,1.1286,4.33,1.3462,2.32,4.47,1.1348,4.33,1.3344,2.25,4.26
2025-06-05,1.14113,1.14944,1.14041,1.14431,75946.0,1.144,4.33,1.3584,2.29,4.4,320.62,30485.729,4.3,0.821,143.87,1.1424,4.33,1.357,2.31,4.37,1.137,4.33,1.3489,2.32,4.43,1.1249,4.33,1.3287,2.29,4.37
2025-06-06,1.14429,1.14569,1.13712,1.13934,66059.0,1.1397,4.33,1.3532,2.31,4.51,320.62,30485.729,4.3,0.822,144.87,1.144,4.33,1.3584,2.29,4.4,1.1347,4.33,1.3468,2.34,4.41,1.127,4.33,1.3318,2.29,4.37
2025-06-09,1.13955,1.14388,1.1386,1.14194,53089.0,1.1425,4.33,1.3563,2.31,4.49,320.62,30485.729,4.3,0.8205,144.37,1.1397,4.33,1.3532,2.31,4.51,1.1432,4.33,1.3549,2.33,4.46,1.1106,4.33,1.3194,2.29,4.45
2025-06-10,1.142,1.14471,1.13725,1.14201,63127.0,1.1423,4.33,1.3508,2.29,4.47,320.62,30485.729,4.3,0.8219,144.91,1.1425,4.33,1.3563,2.31,4.49,1.1373,4.33,1.352,2.32,4.46,1.1176,4.33,1.328,2.32,4.49
2025-06-11,1.14208,1.14989,1.14048,1.14859,64678.0,1.149,4.33,1.3556,2.27,4.41,320.62,30485.729,4.3,0.8195,144.48,1.1423,4.33,1.3508,2.29,4.47,1.1424,4.33,1.357,2.31,4.37,1.1206,4.33,1.3303,2.37,4.53
2025-06-12,1.14865,1.16313,1.14816,1.15799,80447.0,1.1578,4.33,1.3589,2.25,4.36,320.62,30485.729,4.3,0.8125,143.64,1.149,4.33,1.3556,2.27,4.41,1.144,4.33,1.3584,2.29,4.4,1.1189,4.33,1.3292,2.34,4.45
2025-06-13,1.15795,1.16141,1.14882,1.1549,87657.0,1.1557,4.33,1.3594,2.28,4.41,320.62,30485.729,4.3,0.8116,144.04,1.1578,4.33,1.3589,2.25,4.36,1.1397,4.33,1.3532,2.31,4.51,1.1141,4.33,1.3257,2.34,4.43
2025-06-16,1.15272,1.16141,1.15211,1.15572,73333.0,1.1581,4.33,1.36,2.3,4.46,320.62,30485.729,4.3,0.8115,144.14,1.1557,4.33,1.3594,2.28,4.41,1.1425,4.33,1.3563,2.31,4.49,1.1236,4.33,1.3357,2.36,4.46
2025-06-17,1.15574,1.15795,1.14741,1.14787,77620.0,1.1535,4.33,1.3516,2.31,4.39,320.62,30485.729,4.3,0.8141,145.04,1.1581,4.33,1.36,2.3,4.46,1.1423,4.33,1.3508,2.29,4.47,1.1254,4.33,1.3371,2.35,4.48
2025-06-18,1.14769,1.15298,1.14603,1.14753,77823.0,1.1521,4.33,1.3471,2.31,4.38,320.62,30485.729,4.3,0.8174,144.58,1.1535,4.33,1.3516,2.31,4.39,1.149,4.33,1.3556,2.27,4.41,1.1343,4.33,1.3447,2.35,4.58
2025-06-19,1.14738,1.14994,1.14458,1.149,61635.0,1.1521,4.33,1.3471,2.31,4.38,320.62,30485.729,4.3,0.8174,144.58,1.1521,4.33,1.3471,2.31,4.38,1.1578,4.33,1.3589,2.25,4.36,1.1281,4.33,1.3426,2.34,4.54
2025-06-20,1.14872,1.15434,1.14861,1.15216,67526.0,1.152,4.33,1.3465,2.33,4.38,320.62,30485.729,4.3,0.8175,145.92,1.1521,4.33,1.3471,2.31,4.38,1.1557,4.33,1.3594,2.28,4.41,1.135,4.33,1.3511,2.33,4.51
2025-06-23,1.14516,1.15811,1.14516,1.15731,89306.0,1.1538,4.33,1.3491,2.3,4.34,320.62,30485.729,4.3,0.8133,146.47,1.152,4.33,1.3465,2.33,4.38,1.1581,4.33,1.36,2.3,4.46,1.135,4.33,1.3511,2.33,4.51
2025-06-24,1.15727,1.16412,1.15709,1.16077,79952.0,1.1608,4.33,1.3616,2.29,4.3,320.62,30485.729,4.3,0.8049,144.9,1.1538,4.33,1.3491,2.3,4.34,1.1535,4.33,1.3516,2.31,4.39,1.1326,4.33,1.3505,2.32,4.43
2025-06-25,1.16043,1.16646,1.15895,1.16578,60076.0,1.162,4.33,1.3626,2.28,4.29,320.62,30485.729,4.3,0.8057,145.59,1.1608,4.33,1.3616,2.29,4.3,1.1521,4.33,1.3471,2.31,4.38,1.1286,4.33,1.3462,2.32,4.47
2025-06-26,1.1655,1.17444,1.16514,1.16992,71966.0,1.1717,4.33,1.3754,2.28,4.26,320.62,30485.729,4.3,0.799,144.34,1.162,4.33,1.3626,2.28,4.29,1.1521,4.33,1.3471,2.31,4.38,1.137,4.33,1.3489,2.32,4.43
2025-06-27,1.16936,1.17532,1.168,1.17148,66661.0,1.1724,4.33,1.372,2.29,4.29,320.62,30485.729,4.3,0.7989,144.74,1.1717,4.33,1.3754,2.28,4.26,1.152,4.33,1.3465,2.33,4.38,1.1347,4.33,1.3468,2.34,4.41
2025-06-30,1.1728,1.17881,1.17073,1.17862,64213.0,1.177,4.33,1.3722,2.29,4.24,320.62,30485.729,4.3,0.7938,144.17,1.1724,4.33,1.372,2.29,4.29,1.1538,4.33,1.3491,2.3,4.34,1.1432,4.33,1.3549,2.33,4.46
2025-07-01,1.17849,1.18293,1.17608,1.18052,65453.0,1.1776,4.33,1.3728,2.29,4.26,322.169,31098.027,4.3,0.7929,143.58,1.177,4.33,1.3722,2.29,4.24,1.1608,4.33,1.3616,2.29,4.3,1.1373,4.33,1.352,2.32,4.46
2025-07-02,1.18014,1.18096,1.17463,1.17968,61534.0,1.179,4.33,1.3623,2.3,4.3,322.169,31098.027,4.3,0.7921,143.76,1.1776,4.33,1.3728,2.29,4.26,1.162,4.33,1.3626,2.28,4.29,1.1424,4.33,1.357,2.31,4.37
2025-07-03,1.1797,1.18016,1.17168,1.17549,37402.0,1.1758,4.33,1.3656,2.33,4.35,322.169,31098.027,4.3,0.7951,144.96,1.179,4.33,1.3623,2.3,4.3,1.1717,4.33,1.3754,2.28,4.26,1.144,4.33,1.3584,2.29,4.4
2025-07-04,1.17553,1.17869,1.17503,1.17663,38721.0,1.1758,4.33,1.3656,2.33,4.35,322.169,31098.027,4.3,0.7951,144.96,1.1758,4.33,1.3656,2.33,4.35,1.1724,4.33,1.372,2.29,4.29,1.1397,4.33,1.3532,2.31,4.51
2025-07-07,1.17804,1.17897,1.16863,1.17067,57741.0,1.1733,4.33,1.3638,2.35,4.4,322.169,31098.027,4.3,0.7969,145.86,1.1758,4.33,1.3656,2.33,4.35,1.177,4.33,1.3722,2.29,4.24,1.1425,4.33,1.3563,2.31,4.49
2025-07-08,1.17047,1.17646,1.16821,1.17238,60128.0,1.1707,4.33,1.3575,2.35,4.42,322.169,31098.027,4.3,0.7971,146.81,1.1733,4.33,1.3638,2.35,4.4,1.1776,4.33,1.3728,2.29,4.26,1.1423,4.33,1.3508,2.29,4.47
2025-07-09,1.17227,1.17288,1.16891,1.1717,55507.0,1.1707,4.33,1.3585,2.33,4.34,322.169,31098.027,4.3,0.7957,146.53,1.1707,4.33,1.3575,2.35,4.42,1.179,4.33,1.3623,2.3,4.3,1.149,4.33,1.3556,2.27,4.41
2025-07-10,1.17157,1.17491,1.16621,1.16994,51433.0,1.1688,4.33,1.3569,2.34,4.35,322.169,31098.027,4.3,0.7971,146.46,1.1707,4.33,1.3585,2.33,4.34,1.1758,4.33,1.3656,2.33,4.35,1.1578,4.33,1.3589,2.25,4.36
2025-07-11,1.16981,1.17136,1.16642,1.16882,63105.0,1.1696,4.33,1.3503,2.37,4.43,322.169,31098.027,4.3,0.7962,147.29,1.1688,4.33,1.3569,2.34,4.35,1.1758,4.33,1.3656,2.33,4.35,1.1557,4.33,1.3594,2.28,4.41
2025-07-14,1.1659,1.16973,1.16538,1.16636,53624.0,1.1672,4.33,1.3437,2.39,4.43,322.169,31098.027,4.3,0.7977,147.69,1.1696,4.33,1.3503,2.37,4.43,1.1733,4.33,1.3638,2.35,4.4,1.1581,4.33,1.36,2.3,4.46
2025-07-15,1.16627,1.16921,1.15924,1.16018,53562.0,1.1619,4.33,1.3396,2.41,4.5,322.169,31098.027,4.3,0.8004,148.75,1.1672,4.33,1.3437,2.39,4.43,1.1707,4.33,1.3575,2.35,4.42,1.1535,4.33,1.3516,2.31,4.39
2025-07-16,1.15954,1.17207,1.1562,1.16331,66691.0,1.1629,4.33,1.3426,2.41,4.46,322.169,31098.027,4.3,0.8014,148.08,1.1619,4.33,1.3396,2.41,4.5,1.1707,4.33,1.3585,2.33,4.34,1.1521,4.33,1.3471,2.31,4.38
2025-07-17,1.16291,1.16421,1.15563,1.15943,52528.0,1.1597,4.33,1.3413,2.43,4.47,322.169,31098.027,4.3,0.8043,148.55,1.1629,4.33,1.3426,2.41,4.46,1.1688,4.33,1.3569,2.34,4.35,1.1521,4.33,1.3471,2.31,4.38
2025-07-18,1.15934,1.16715,1.15896,1.16242,51427.0,1.1645,4.33,1.3439,2.41,4.44,322.169,31098.027,4.3,0.8001,148.55,1.1597,4.33,1.3413,2.43,4.47,1.1696,4.33,1.3503,2.37,4.43,1.152,4.33,1.3465,2.33,4.38
2025-07-21,1.16223,1.17162,1.16141,1.16872,51689.0,1.1705,4.33,1.3498,2.4,4.38,322.169,31098.027,4.3,0.7973,147.27,1.1645,4.33,1.3439,2.41,4.44,1.1672,4.33,1.3437,2.39,4.43,1.1538,4.33,1.3491,2.3,4.34
2025-07-22,1.16873,1.176,1.16783,1.17531,43639.0,1.1749,4.33,1.3522,2.39,4.35,322.169,31098.027,4.3,0.7926,146.36,1.1705,4.33,1.3498,2.4,4.38,1.1619,4.33,1.3396,2.41,4.5,1.1608,4.33,1.3616,2.29,4.3
2025-07-23,1.17522,1.17747,1.17104,1.17665,56617.0,1.1748,4.33,1.3566,2.37,4.4,322.169,31098.027,4.3,0.7936,146.55,1.1749,4.33,1.3522,2.39,4.35,1.1629,4.33,1.3426,2.41,4.46,1.162,4.33,1.3626,2.28,4.29
2025-07-24,1.17648,1.17883,1.17302,1.17469,50443.0,1.1765,4.33,1.3524,2.45,4.43,322.169,31098.027,4.3,0.7957,146.92,1.1748,4.33,1.3566,2.37,4.4,1.1597,4.33,1.3413,2.43,4.47,1.1717,4.33,1.3754,2.28,4.26
2025-07-25,1.17507,1.17603,1.17027,1.17402,52977.0,1.173,4.33,1.3429,2.44,4.4,322.169,31098.027,4.3,0.7965,147.77,1.1765,4.33,1.3524,2.45,4.43,1.1645,4.33,1.3439,2.41,4.44,1.1724,4.33,1.372,2.29,4.29
2025-07-28,1.17519,1.17698,1.15847,1.15863,58940.0,1.1609,4.33,1.3393,2.44,4.42,322.169,31098.027,4.3,0.8025,148.45,1.173,4.33,1.3429,2.44,4.4,1.1705,4.33,1.3498,2.4,4.38,1.177,4.33,1.3722,2.29,4.24
2025-07-29,1.15854,1.15987,1.15185,1.15442,56173.0,1.1534,4.33,1.3339,2.43,4.34,322.169,31098.027,4.3,0.8071,148.57,1.1609,4.33,1.3393,2.44,4.42,1.1749,4.33,1.3522,2.39,4.35,1.1776,4.33,1.3728,2.29,4.26
2025-07-30,1.15421,1.15722,1.14002,1.14012,62845.0,1.147,4.33,1.3274,2.42,4.38,322.169,31098.027,4.3,0.8111,149.07,1.1534,4.33,1.3339,2.43,4.34,1.1748,4.33,1.3566,2.37,4.4,1.179,4.33,1.3623,2.3,4.3
2025-07-31,1.14008,1.14602,1.14002,1.14136,63107.0,1.1431,4.33,1.322,2.39,4.37,322.169,31098.027,4.3,0.8123,150.6,1.147,4.33,1.3274,2.42,4.38,1.1765,4.33,1.3524,2.45,4.43,1.1758,4.33,1.3656,2.33,4.35
2025-08-01,1.14119,1.15965,1.1391,1.15873,79817.0,1.1555,4.33,1.3259,2.33,4.23,323.291,31098.027,4.3,0.8068,148.06,1.1431,4.33,1.322,2.39,4.37,1.173,4.33,1.3429,2.44,4.4,1.1758,4.33,1.3656,2.33,4.35
2025-08-04,1.15892,1.15961,1.15495,1.15743,61177.0,1.1568,4.33,1.329,2.37,4.22,323.291,31098.027,4.3,0.8083,147.09,1.1555,4.33,1.3259,2.33,4.23,1.1609,4.33,1.3393,2.44,4.42,1.1733,4.33,1.3638,2.35,4.4
2025-08-05,1.15679,1.15881,1.15276,1.15758,53966.0,1.158,4.33,1.3309,2.36,4.22,323.291,31098.027,4.3,0.8071,147.49,1.1568,4.33,1.329,2.37,4.22,1.1534,4.33,1.3339,2.43,4.34,1.1707,4.33,1.3575,2.35,4.42
2025-08-06,1.15711,1.1668,1.1564,1.16593,50670.0,1.1647,4.33,1.336,2.34,4.22,323.291,31098.027,4.3,0.8052,147.25,1.158,4.33,1.3309,2.36,4.22,1.147,4.33,1.3274,2.42,4.38,1.1707,4.33,1.3585,2.33,4.34
2025-08-07,1.16538,1.16982,1.16105,1.16631,60658.0,1.1641,4.33,1.3434,2.35,4.23,323.291,31098.027,4.3,0.8074,147.35,1.1647,4.33,1.336,2.34,4.22,1.1431,4.33,1.322,2.39,4.37,1.1688,4.33,1.3569,2.34,4.35
2025-08-08,1.16594,1.16788,1.16282,1.16397,51126.0,1.166,4.33,1.3444,2.39,4.27,323.291,31098.027,4.3,0.8073,147.7,1.1641,4.33,1.3434,2.35,4.23,1.1555,4.33,1.3259,2.33,4.23,1.1696,4.33,1.3503,2.37,4.43
2025-08-11,1.16436,1.1675,1.15896,1.16149,51928.0,1.1607,4.33,1.3414,2.4,4.27,323.291,31098.027,4.3,0.8126,147.99,1.166,4.33,1.3444,2.39,4.27,1.1568,4.33,1.329,2.37,4.22,1.1672,4.33,1.3437,2.39,4.43
2025-08-12,1.16068,1.16966,1.15982,1.16721,60979.0,1.1673,4.33,1.3509,2.38,4.29,323.291,31098.027,4.3,0.8081,147.8,1.1607,4.33,1.3414,2.4,4.27,1.158,4.33,1.3309,2.36,4.22,1.1619,4.33,1.3396,2.41,4.5
2025-08-13,1.16696,1.17297,1.16676,1.17037,48750.0,1.1715,4.33,1.3572,2.37,4.24,323.291,31098.027,4.3,0.8043,147.25,1.1673,4.33,1.3509,2.38,4.29,1.1647,4.33,1.336,2.34,4.22,1.1629,4.33,1.3426,2.41,4.46
2025-08-14,1.16999,1.17146,1.16305,1.16471,56488.0,1.1644,4.33,1.3532,2.39,4.29,323.291,31098.027,4.3,0.8078,147.69,1.1715,4.33,1.3572,2.37,4.24,1.1641,4.33,1.3434,2.35,4.23,1.1597,4.33,1.3413,2.43,4.47
2025-08-15,1.1647,1.17147,1.16451,1.17066,45142.0,1.1708,4.33,1.3565,2.38,4.33,323.291,31098.027,4.3,0.8061,147.0,1.1644,4.33,1.3532,2.39,4.29,1.166,4.33,1.3444,2.39,4.27,1.1645,4.33,1.3439,2.41,4.44
2025-08-18,1.17096,1.17157,1.16555,1.166,44672.0,1.1667,4.33,1.3521,2.38,4.34,323.291,31098.027,4.3,0.8068,147.76,1.1708,4.33,1.3565,2.38,4.33,1.1607,4.33,1.3414,2.4,4.27,1.1705,4.33,1.3498,2.4,4.38
2025-08-19,1.1659,1.16924,1.16386,1.16453,43122.0,1.166,4.33,1.3496,2.35,4.3,323.291,31098.027,4.3,0.807,147.72,1.1667,4.33,1.3521,2.38,4.34,1.1673,4.33,1.3509,2.38,4.29,1.1749,4.33,1.3522,2.39,4.35
2025-08-20,1.16393,1.16731,1.16218,1.16493,51149.0,1.1649,4.33,1.345,2.35,4.29,323.291,31098.027,4.3,0.8044,147.19,1.166,4.33,1.3496,2.35,4.3,1.1715,4.33,1.3572,2.37,4.24,1.1748,4.33,1.3566,2.37,4.4
2025-08-21,1.16486,1.16622,1.16007,1.16056,48656.0,1.1605,4.33,1.3417,2.39,4.33,323.291,31098.027,4.3,0.8085,148.35,1.1649,4.33,1.345,2.35,4.29,1.1644,4.33,1.3532,2.39,4.29,1.1765,4.33,1.3524,2.45,4.43
2025-08-22,1.16012,1.1742,1.15824,1.17208,51271.0,1.1713,4.33,1.3528,2.41,4.26,323.291,31098.027,4.3,0.8016,146.82,1.1605,4.33,1.3417,2.39,4.33,1.1708,4.33,1.3565,2.38,4.33,1.173,4.33,1.3429,2.44,4.4
2025-08-25,1.17199,1.17286,1.16024,1.16179,48171.0,1.167,4.33,1.3491,2.41,4.28,323.291,31098.027,4.3,0.8034,147.61,1.1713,4.33,1.3528,2.41,4.26,1.1667,4.33,1.3521,2.38,4.34,1.1609,4.33,1.3393,2.44,4.42
2025-08-26,1.16158,1.16647,1.16017,1.16402,57563.0,1.1657,4.33,1.3485,2.42,4.26,323.291,31098.027,4.3,0.8031,147.3,1.167,4.33,1.3491,2.41,4.28,1.166,4.33,1.3496,2.35,4.3,1.1534,4.33,1.3339,2.43,4.34
2025-08-27,1.16402,1.16471,1.15736,1.16369,46863.0,1.1611,4.33,1.3468,2.43,4.24,323.291,31098.027,4.3,0.8037,147.75,1.1657,4.33,1.3485,2.42,4.26,1.1649,4.33,1.345,2.35,4.29,1.147,4.33,1.3274,2.42,4.38
2025-08-28,1.16331,1.16969,1.16286,1.16812,47099.0,1.1672,4.33,1.3516,2.41,4.22,323.291,31098.027,4.3,0.8017,146.98,1.1611,4.33,1.3468,2.43,4.24,1.1605,4.33,1.3417,2.39,4.33,1.1431,4.33,1.322,2.39,4.37
2025-08-29,1.168,1.17083,1.16504,1.16825,47800.0,1.1695,4.33,1.3511,2.41,4.23,323.291,31098.027,4.3,0.7996,146.9,1.1672,4.33,1.3516,2.41,4.22,1.1713,4.33,1.3528,2.41,4.26,1.1555,4.33,1.3259,2.33,4.23
2025-09-01,1.16943,1.17357,1.16846,1.17106,35933.0,1.1695,4.22,1.3511,2.41,4.23,324.245,31098.027,4.4,0.7996,146.9,1.1695,4.33,1.3511,2.41,4.23,1.167,4.33,1.3491,2.41,4.28,1.1568,4.33,1.329,2.37,4.22
2025-09-02,1.17061,1.17177,1.16125,1.16402,62513.0,1.1653,4.22,1.3392,2.41,4.28,324.245,31098.027,4.4,0.8033,148.23,1.1695,4.22,1.3511,2.41,4.23,1.1657,4.33,1.3485,2.42,4.26,1.158,4.33,1.3309,2.36,4.22
2025-09-03,1.16339,1.16816,1.16077,1.16602,49568.0,1.1676,4.22,1.3448,2.4,4.22,324.245,31098.027,4.4,0.8032,147.97,1.1653,4.22,1.3392,2.41,4.28,1.1611,4.33,1.3468,2.43,4.24,1.1647,4.33,1.336,2.34,4.22
2025-09-04,1.16584,1.16689,1.16302,1.16498,47981.0,1.1648,4.22,1.3441,2.38,4.17,324.245,31098.027,4.4,0.8059,148.63,1.1676,4.22,1.3448,2.4,4.22,1.1672,4.33,1.3516,2.41,4.22,1.1641,4.33,1.3434,2.35,4.23
2025-09-05,1.16459,1.17597,1.16427,1.17167,54564.0,1.1759,4.22,1.3543,2.37,4.1,324.245,31098.027,4.4,0.7958,146.84,1.1648,4.22,1.3441,2.38,4.17,1.1695,4.33,1.3511,2.41,4.23,1.166,4.33,1.3444,2.39,4.27
2025-09-08,1.17089,1.17658,1.17027,1.17622,45558.0,1.1751,4.22,1.355,2.35,4.05,324.245,31098.027,4.4,0.7935,147.58,1.1759,4.22,1.3543,2.37,4.1,1.1695,4.22,1.3511,2.41,4.23,1.1607,4.33,1.3414,2.4,4.27
2025-09-09,1.17588,1.17803,1.17034,1.17094,52443.0,1.1723,4.22,1.3533,2.36,4.08,324.245,31098.027,4.4,0.7961,147.23,1.1751,4.22,1.355,2.35,4.05,1.1653,4.22,1.3392,2.41,4.28,1.1673,4.33,1.3509,2.38,4.29
2025-09-10,1.17027,1.17307,1.16826,1.16939,50529.0,1.1714,4.22,1.3548,2.35,4.04,324.245,31098.027,4.4,0.7979,147.37,1.1723,4.22,1.3533,2.36,4.08,1.1676,4.22,1.3448,2.4,4.22,1.1715,4.33,1.3572,2.37,4.24
2025-09-11,1.1693,1.17463,1.16604,1.17352,56279.0,1.1732,4.22,1.3568,2.34,4.01,324.245,31098.027,4.4,0.7961,147.17,1.1714,4.22,1.3548,2.35,4.04,1.1648,4.22,1.3441,2.38,4.17,1.1644,4.33,1.3532,2.39,4.29
2025-09-12,1.17307,1.17479,1.17011,1.1734,46318.0,1.1714,4.22,1.3547,2.36,4.06,324.245,31098.027,4.4,0.7975,147.85,1.1732,4.22,1.3568,2.34,4.01,1.1759,4.22,1.3543,2.37,4.1,1.1708,4.33,1.3565,2.38,4.33
2025-09-15,1.17269,1.17747,1.1716,1.17605,41717.0,1.1772,4.22,1.3609,2.37,4.05,324.245,31098.027,4.4,0.7938,147.27,1.1714,4.22,1.3547,2.36,4.06,1.1751,4.22,1.355,2.35,4.05,1.1667,4.33,1.3521,2.38,4.34
2025-09-16,1.17593,1.18787,1.1757,1.18659,55731.0,1.1848,4.22,1.3654,2.37,4.04,324.245,31098.027,4.4,0.7877,146.56,1.1772,4.22,1.3609,2.37,4.05,1.1723,4.22,1.3533,2.36,4.08,1.166,4.33,1.3496,2.35,4.3
2025-09-17,1.18588,1.19185,1.18069,1.1812,58800.0,1.1845,4.22,1.3661,2.38,4.06,324.245,31098.027,4.4,0.7871,146.36,1.1848,4.22,1.3654,2.37,4.04,1.1714,4.22,1.3548,2.35,4.04,1.1649,4.33,1.345,2.35,4.29
2025-09-18,1.18102,1.18484,1.17503,1.17856,59883.0,1.178,4.22,1.3552,2.38,4.11,324.245,31098.027,4.4,0.7927,148.02,1.1845,4.22,1.3661,2.38,4.06,1.1732,4.22,1.3568,2.34,4.01,1.1605,4.33,1.3417,2.39,4.33
2025-09-19,1.17828,1.17927,1.17286,1.17419,50589.0,1.1753,4.22,1.3484,2.39,4.14,324.245,31098.027,4.4,0.7949,147.83,1.178,4.22,1.3552,2.38,4.11,1.1714,4.22,1.3547,2.36,4.06,1.1713,4.33,1.3528,2.41,4.26
2025-09-22,1.17338,1.18024,1.17258,1.1801,41539.0,1.1773,4.22,1.3505,2.37,4.15,324.245,31098.027,4.4,0.7935,147.83,1.1753,4.22,1.3484,2.39,4.14,1.1772,4.22,1.3609,2.37,4.05,1.167,4.33,1.3491,2.41,4.28
2025-09-23,1.17913,1.18202,1.17789,1.18141,50736.0,1.18,4.22,1.3518,2.37,4.12,324.245,31098.027,4.4,0.7922,147.83,1.1773,4.22,1.3505,2.37,4.15,1.1848,4.22,1.3654,2.37,4.04,1.1657,4.33,1.3485,2.42,4.26
2025-09-24,1.18117,1.18184,1.17279,1.1737,49073.0,1.1742,4.22,1.345,2.38,4.16,324.245,31098.027,4.4,0.7951,148.71,1.18,4.22,1.3518,2.37,4.12,1.1845,4.22,1.3661,2.38,4.06,1.1611,4.33,1.3468,2.43,4.24
2025-09-25,1.17358,1.17541,1.16452,1.16645,53211.0,1.1673,4.22,1.3351,2.38,4.18,324.245,31098.027,4.4,0.8006,149.78,1.1742,4.22,1.345,2.38,4.16,1.178,4.22,1.3552,2.38,4.11,1.1672,4.33,1.3516,2.41,4.22
2025-09-26,1.1657,1.17067,1.1651,1.1699,51867.0,1.1692,4.22,1.3404,2.38,4.2,324.245,31098.027,4.4,0.7985,149.52,1.1673,4.22,1.3351,2.38,4.18,1.1753,4.22,1.3484,2.39,4.14,1.1695,4.33,1.3511,2.41,4.23
2025-09-29,1.16993,1.17547,1.16978,1.17261,42442.0,1.173,4.22,1.3433,2.35,4.15,324.245,31098.027,4.4,0.797,148.57,1.1692,4.22,1.3404,2.38,4.2,1.1773,4.22,1.3505,2.37,4.15,1.1695,4.22,1.3511,2.41,4.23
2025-09-30,1.17238,1.17616,1.17119,1.1733,47101.0,1.1735,4.22,1.3443,2.36,4.16,324.245,31098.027,4.4,0.7966,147.97,1.173,4.22,1.3433,2.35,4.15,1.18,4.22,1.3518,2.37,4.12,1.1653,4.22,1.3392,2.41,4.28
2025-10-01,1.17339,1.17789,1.17152,1.173,65014.0,1.1723,4.09,1.3474,2.35,4.12,324.245,31442.483,4.4,0.7984,147.16,1.1735,4.22,1.3443,2.36,4.16,1.1742,4.22,1.345,2.38,4.16,1.1676,4.22,1.3448,2.4,4.22
2025-10-02,1.17279,1.17585,1.1683,1.17161,47910.0,1.1696,4.09,1.3423,2.34,4.1,324.245,31442.483,4.4,0.7994,147.35,1.1723,4.09,1.3474,2.35,4.12,1.1673,4.22,1.3351,2.38,4.18,1.1648,4.22,1.3441,2.38,4.17
2025-10-03,1.17123,1.17591,1.17115,1.1741,41493.0,1.1747,4.09,1.3481,2.33,4.13,324.245,31442.483,4.4,0.7949,147.33,1.1696,4.09,1.3423,2.34,4.1,1.1692,4.22,1.3404,2.38,4.2,1.1759,4.22,1.3543,2.37,4.1
2025-10-06,1.17141,1.1731,1.1652,1.17119,55520.0,1.1707,4.09,1.3476,2.34,4.18,324.245,31442.483,4.4,0.7954,150.02,1.1747,4.09,1.3481,2.33,4.13,1.173,4.22,1.3433,2.35,4.15,1.1751,4.22,1.355,2.35,4.05
2025-10-07,1.17088,1.17152,1.16468,1.16566,46611.0,1.1674,4.09,1.3441,2.35,4.14,324.245,31442.483,4.4,0.797,151.17,1.1707,4.09,1.3476,2.34,4.18,1.1735,4.22,1.3443,2.36,4.16,1.1723,4.22,1.3533,2.36,4.08
2025-10-08,1.16528,1.16607,1.15981,1.16278,51692.0,1.1606,4.09,1.339,2.35,4.13,324.245,31442.483,4.4,0.802,152.72,1.1674,4.09,1.3441,2.35,4.14,1.1723,4.09,1.3474,2.35,4.12,1.1714,4.22,1.3548,2.35,4.04
2025-10-09,1.16231,1.16484,1.15418,1.15642,60093.0,1.1559,4.09,1.3312,2.34,4.14,324.245,31442.483,4.4,0.8059,153.05,1.1606,4.09,1.339,2.35,4.13,1.1696,4.09,1.3423,2.34,4.1,1.1732,4.22,1.3568,2.34,4.01
2025-10-10,1.15531,1.16305,1.15435,1.16227,52868.0,1.1613,4.09,1.3343,2.3,4.05,324.245,31442.483,4.4,0.8015,151.94,1.1559,4.09,1.3312,2.34,4.14,1.1747,4.09,1.3481,2.33,4.13,1.1714,4.22,1.3547,2.36,4.06
2025-10-13,1.16112,1.16301,1.15574,1.15696,49123.0,1.1613,4.09,1.3343,2.3,4.05,324.245,31442.483,4.4,0.8015,151.94,1.1613,4.09,1.3343,2.3,4.05,1.1707,4.09,1.3476,2.34,4.18,1.1772,4.22,1.3609,2.37,4.05
2025-10-14,1.15649,1.16151,1.15427,1.16073,58213.0,1.1608,4.09,1.3321,2.3,4.03,324.245,31442.483,4.4,0.801,151.77,1.1613,4.09,1.3343,2.3,4.05,1.1674,4.09,1.3441,2.35,4.14,1.1848,4.22,1.3654,2.37,4.04
2025-10-15,1.16041,1.16474,1.16017,1.16466,51927.0,1.1638,4.09,1.3396,2.29,4.05,324.245,31442.483,4.4,0.7972,151.21,1.1608,4.09,1.3321,2.3,4.03,1.1606,4.09,1.339,2.35,4.13,1.1845,4.22,1.3661,2.38,4.06
2025-10-16,1.16418,1.16941,1.16362,1.16868,55544.0,1.1665,4.09,1.3425,2.28,3.99,324.245,31442.483,4.4,0.7957,150.75,1.1638,4.09,1.3396,2.29,4.05,1.1559,4.09,1.3312,2.34,4.14,1.178,4.22,1.3552,2.38,4.11
2025-10-17,1.16823,1.17281,1.16495,1.16502,56901.0,1.1674,4.09,1.3425,2.27,4.02,324.245,31442.483,4.4,0.7919,150.33,1.1665,4.09,1.3425,2.28,3.99,1.1613,4.09,1.3343,2.3,4.05,1.1753,4.22,1.3484,2.39,4.14
2025-10-20,1.16622,1.16757,1.16384,1.16404,40467.0,1.1656,4.09,1.342,2.26,4.0,324.245,31442.483,4.4,0.7918,150.59,1.1674,4.09,1.3425,2.27,4.02,1.1613,4.09,1.3343,2.3,4.05,1.1773,4.22,1.3505,2.37,4.15
2025-10-21,1.16389,1.16553,1.15975,1.15988,48570.0,1.1616,4.09,1.3391,2.28,3.98,324.245,31442.483,4.4,0.795,151.72,1.1656,4.09,1.342,2.26,4.0,1.1608,4.09,1.3321,2.3,4.03,1.18,4.22,1.3518,2.37,4.12
2025-10-22,1.15965,1.16224,1.15768,1.16089,43718.0,1.1612,4.09,1.3372,2.29,3.97,324.245,31442.483,4.4,0.7958,151.79,1.1616,4.09,1.3391,2.28,3.98,1.1638,4.09,1.3396,2.29,4.05,1.1742,4.22,1.345,2.38,4.16
2025-10-23,1.16079,1.16201,1.15852,1.16175,35507.0,1.1612,4.09,1.3323,2.3,4.01,324.245,31442.483,4.4,0.7956,152.72,1.1612,4.09,1.3372,2.29,3.97,1.1665,4.09,1.3425,2.28,3.99,1.1673,4.22,1.3351,2.38,4.18
2025-10-24,1.16152,1.16489,1.16008,1.16253,44280.0,1.1626,4.09,1.3298,2.29,4.02,324.245,31442.483,4.4,0.7958,152.82,1.1612,4.09,1.3323,2.3,4.01,1.1674,4.09,1.3425,2.27,4.02,1.1692,4.22,1.3404,2.38,4.2
2025-10-27,1.1629,1.1652,1.16175,1.16447,37510.0,1.1636,4.09,1.3331,2.28,4.01,324.245,31442.483,4.4,0.7965,153.09,1.1626,4.09,1.3298,2.29,4.02,1.1656,4.09,1.342,2.26,4.0,1.173,4.22,1.3433,2.35,4.15
2025-10-28,1.16467,1.16689,1.16254,1.1651,42467.0,1.1659,4.09,1.328,2.28,3.99,324.245,31442.483,4.4,0.7927,152.14,1.1636,4.09,1.3331,2.28,4.01,1.1616,4.09,1.3391,2.28,3.98,1.1735,4.22,1.3443,2.36,4.16
2025-10-29,1.16519,1.16661,1.15774,1.16019,57302.0,1.1664,4.09,1.3243,2.3,4.08,324.245,31442.483,4.4,0.7958,151.91,1.1659,4.09,1.328,2.28,3.99,1.1612,4.09,1.3372,2.29,3.97,1.1723,4.09,1.3474,2.35,4.12
2025-10-30,1.16016,1.16375,1.1547,1.15684,52517.0,1.1564,4.09,1.3147,2.29,4.11,324.245,31442.483,4.4,0.802,154.17,1.1664,4.09,1.3243,2.3,4.08,1.1612,4.09,1.3323,2.3,4.01,1.1696,4.09,1.3423,2.34,4.1
2025-10-31,1.15683,1.15775,1.15211,1.15361,51014.0,1.1541,4.09,1.3141,2.3,4.11,324.245,31442.483,4.4,0.8027,154.05,1.1564,4.09,1.3147,2.29,4.11,1.1626,4.09,1.3298,2.29,4.02,1.1747,4.09,1.3481,2.33,4.13
2025-11-03,1.15291,1.15413,1.15049,1.15187,48048.0,1.1531,4.09,1.315,2.31,4.13,324.245,31442.483,4.4,0.8073,154.13,1.1541,4.09,1.3141,2.3,4.11,1.1636,4.09,1.3331,2.28,4.01,1.1707,4.09,1.3476,2.34,4.18
2025-11-04,1.15158,1.15339,1.14728,1.14821,56355.0,1.1491,4.09,1.3044,2.29,4.1,324.245,31442.483,4.4,0.8091,153.55,1.1531,4.09,1.315,2.31,4.13,1.1659,4.09,1.328,2.28,3.99,1.1674,4.09,1.3441,2.35,4.14
2025-11-05,1.14803,1.14981,1.14688,1.14924,56319.0,1.1485,4.09,1.3051,2.3,4.17,324.245,31442.483,4.4,0.8107,154.11,1.1491,4.09,1.3044,2.29,4.1,1.1664,4.09,1.3243,2.3,4.08,1.1606,4.09,1.339,2.35,4.13
2025-11-06,1.14895,1.15523,1.14893,1.15465,46859.0,1.1539,4.09,1.3107,2.28,4.11,324.245,31442.483,4.4,0.8069,152.97,1.1485,4.09,1.3051,2.3,4.17,1.1564,4.09,1.3147,2.29,4.11,1.1559,4.09,1.3312,2.34,4.14
2025-11-07,1.15357,1.15912,1.15293,1.15637,46381.0,1.1578,4.09,1.3165,2.28,4.11,324.245,31442.483,4.4,0.804,153.06,1.1539,4.09,1.3107,2.28,4.11,1.1541,4.09,1.3141,2.3,4.11,1.1613,4.09,1.3343,2.3,4.05
2025-11-10,1.15545,1.15831,1.15408,1.15564,45278.0,1.1545,4.09,1.3157,2.29,4.13,324.245,31442.483,4.4,0.8062,153.99,1.1578,4.09,1.3165,2.28,4.11,1.1531,4.09,1.315,2.31,4.13,1.1613,4.09,1.3343,2.3,4.05
2025-11-11,1.15531,1.16061,1.15464,1.15818,44598.0,1.1545,4.09,1.3157,2.29,4.13,324.245,31442.483,4.4,0.8062,153.99,1.1545,4.09,1.3157,2.29,4.13,1.1491,4.09,1.3044,2.29,4.1,1.1608,4.09,1.3321,2.3,4.03
2025-11-12,1.15809,1.15981,1.15627,1.15925,44919.0,1.1592,4.09,1.3131,2.27,4.08,324.245,31442.483,4.4,0.7972,154.64,1.1545,4.09,1.3157,2.29,4.13,1.1485,4.09,1.3051,2.3,4.17,1.1638,4.09,1.3396,2.29,4.05
2025-11-13,1.15907,1.16564,1.15789,1.16338,50392.0,1.1649,4.09,1.3214,2.28,4.11,324.245,31442.483,4.4,0.7917,154.4,1.1592,4.09,1.3131,2.27,4.08,1.1539,4.09,1.3107,2.28,4.11,1.1665,4.09,1.3425,2.28,3.99
2025-11-14,1.16296,1.16539,1.16062,1.16201,54483.0,1.1617,4.09,1.3156,2.28,4.14,324.245,31442.483,4.4,0.7933,154.64,1.1649,4.09,1.3214,2.28,4.11,1.1578,4.09,1.3165,2.28,4.11,1.1674,4.09,1.3425,2.27,4.02
2025-11-17,1.16109,1.16248,1.15822,1.15916,50338.0,1.1598,4.09,1.3179,2.28,4.13,324.245,31442.483,4.4,0.7956,155.2,1.1617,4.09,1.3156,2.28,4.14,1.1545,4.09,1.3157,2.29,4.13,1.1656,4.09,1.342,2.26,4.0
2025-11-18,1.1589,1.1608,1.15712,1.15797,48063.0,1.1579,4.09,1.3152,2.27,4.12,324.245,31442.483,4.4,0.7996,155.44,1.1598,4.09,1.3179,2.28,4.13,1.1545,4.09,1.3157,2.29,4.13,1.1616,4.09,1.3391,2.28,3.98
2025-11-19,1.15737,1.15975,1.15181,1.15378,50166.0,1.154,4.09,1.3077,2.27,4.13,324.245,31442.483,4.4,0.8046,156.63,1.1579,4.09,1.3152,2.27,4.12,1.1592,4.09,1.3131,2.27,4.08,1.1612,4.09,1.3372,2.29,3.97
2025-11-20,1.15365,1.15501,1.15013,1.15279,54439.0,1.1534,4.09,1.3079,2.24,4.1,324.245,31442.483,4.4,0.8054,157.41,1.154,4.09,1.3077,2.27,4.13,1.1649,4.09,1.3214,2.28,4.11,1.1612,4.09,1.3323,2.3,4.01
2025-11-21,1.15243,1.15526,1.14909,1.15136,55629.0,1.1506,4.09,1.31,2.24,4.06,324.245,31442.483,4.4,0.8087,156.58,1.1534,4.09,1.3079,2.24,4.1,1.1617,4.09,1.3156,2.28,4.14,1.1626,4.09,1.3298,2.29,4.02
2025-11-24,1.15097,1.15507,1.15021,1.15206,48438.0,1.1518,4.09,1.3096,2.23,4.04,324.245,31442.483,4.4,0.8084,156.94,1.1506,4.09,1.31,2.24,4.06,1.1598,4.09,1.3179,2.28,4.13,1.1636,4.09,1.3331,2.28,4.01
2025-11-25,1.1518,1.1586,1.15114,1.15688,54915.0,1.1553,4.09,1.3174,2.22,4.01,324.245,31442.483,4.4,0.8091,156.3,1.1518,4.09,1.3096,2.23,4.04,1.1579,4.09,1.3152,2.27,4.12,1.1659,4.09,1.328,2.28,3.99
2025-11-26,1.15675,1.1601,1.15469,1.15967,56351.0,1.1591,4.09,1.3228,2.23,4.0,324.245,31442.483,4.4,0.8048,156.38,1.1553,4.09,1.3174,2.22,4.01,1.154,4.09,1.3077,2.27,4.13,1.1664,4.09,1.3243,2.3,4.08
2025-11-27,1.15887,1.16136,1.15764,1.15951,37206.0,1.1591,4.09,1.3228,2.23,4.0,324.245,31442.483,4.4,0.8048,156.38,1.1591,4.09,1.3228,2.23,4.0,1.1534,4.09,1.3079,2.24,4.1,1.1564,4.09,1.3147,2.29,4.11
2025-11-28,1.15923,1.16077,1.15553,1.15983,80747.0,1.16,4.09,1.3239,2.23,4.02,324.245,31442.483,4.4,0.8036,156.17,1.1591,4.09,1.3228,2.23,4.0,1.1506,4.09,1.31,2.24,4.06,1.1541,4.09,1.3141,2.3,4.11
2025-12-01,1.15891,1.1652,1.15891,1.16085,53498.0,1.1623,3.72,1.3229,2.24,4.09,326.031,31442.483,4.4,0.8035,155.28,1.16,4.09,1.3239,2.23,4.02,1.1518,4.09,1.3096,2.23,4.04,1.1531,4.09,1.315,2.31,4.13
2025-12-02,1.1606,1.16262,1.15914,1.16243,43829.0,1.1596,3.72,1.3186,2.24,4.09,326.031,31442.483,4.4,0.8046,155.92,1.1623,3.72,1.3229,2.24,4.09,1.1553,4.09,1.3174,2.22,4.01,1.1491,4.09,1.3044,2.29,4.1
2025-12-03,1.16178,1.16781,1.16178,1.16703,49118.0,1.166,3.72,1.3334,2.24,4.06,326.031,31442.483,4.4,0.8004,155.17,1.1596,3.72,1.3186,2.24,4.09,1.1591,4.09,1.3228,2.23,4.0,1.1485,4.09,1.3051,2.3,4.17
2025-12-04,1.1665,1.16822,1.16403,1.16443,49924.0,1.1659,3.72,1.3355,2.26,4.11,326.031,31442.483,4.4,0.8022,154.9,1.166,3.72,1.3334,2.24,4.06,1.1591,4.09,1.3228,2.23,4.0,1.1539,4.09,1.3107,2.28,4.11
2025-12-05,1.16388,1.16718,1.16279,1.16424,45789.0,1.1635,3.72,1.3324,2.26,4.14,326.031,31442.483,4.4,0.805,155.3,1.1659,3.72,1.3355,2.26,4.11,1.16,4.09,1.3239,2.23,4.02,1.1578,4.09,1.3165,2.28,4.11
2025-12-08,1.16332,1.16722,1.16162,1.16366,52377.0,1.1626,3.72,1.3321,2.26,4.17,326.031,31442.483,4.4,0.8078,155.89,1.1635,3.72,1.3324,2.26,4.14,1.1623,3.72,1.3229,2.24,4.09,1.1545,4.09,1.3157,2.29,4.13
2025-12-09,1.16314,1.16571,1.16149,1.16257,46374.0,1.1639,3.72,1.332,2.26,4.18,326.031,31442.483,4.4,0.8061,156.85,1.1626,3.72,1.3321,2.26,4.17,1.1596,3.72,1.3186,2.24,4.09,1.1545,4.09,1.3157,2.29,4.13
2025-12-10,1.1626,1.16999,1.16187,1.1695,56306.0,1.165,3.72,1.334,2.25,4.13,326.031,31442.483,4.4,0.8027,156.33,1.1639,3.72,1.332,2.26,4.18,1.166,3.72,1.3334,2.24,4.06,1.1592,4.09,1.3131,2.27,4.08
2025-12-11,1.16934,1.1763,1.16789,1.17381,53865.0,1.1756,3.72,1.3428,2.25,4.14,326.031,31442.483,4.4,0.7932,155.15,1.165,3.72,1.334,2.25,4.13,1.1659,3.72,1.3355,2.26,4.11,1.1649,4.09,1.3214,2.28,4.11
2025-12-12,1.17353,1.17497,1.17193,1.17402,52361.0,1.1731,3.72,1.3351,2.26,4.19,326.031,31442.483,4.4,0.796,155.81,1.1756,3.72,1.3428,2.25,4.14,1.1635,3.72,1.3324,2.26,4.14,1.1617,4.09,1.3156,2.28,4.14
2025-12-15,1.17276,1.17688,1.17237,1.17515,46495.0,1.1756,3.72,1.338,2.25,4.18,326.031,31442.483,4.4,0.7963,155.29,1.1731,3.72,1.3351,2.26,4.19,1.1626,3.72,1.3321,2.26,4.17,1.1598,4.09,1.3179,2.28,4.13
2025-12-16,1.17506,1.1804,1.17346,1.17462,65157.0,1.177,3.72,1.3429,2.23,4.15,326.031,31442.483,4.4,0.7949,154.8,1.1756,3.72,1.338,2.25,4.18,1.1639,3.72,1.332,2.26,4.18,1.1579,4.09,1.3152,2.27,4.12
2025-12-17,1.17462,1.1758,1.1703,1.17399,56858.0,1.1748,3.72,1.339,2.24,4.16,326.031,31442.483,4.4,0.7948,155.6,1.177,3.72,1.3429,2.23,4.15,1.165,3.72,1.334,2.25,4.13,1.154,4.09,1.3077,2.27,4.13
2025-12-18,1.17398,1.17628,1.17122,1.17216,63471.0,1.1729,3.72,1.3389,2.24,4.12,326.031,31442.483,4.4,0.7942,155.53,1.1748,3.72,1.339,2.24,4.16,1.1756,3.72,1.3428,2.25,4.14,1.1534,4.09,1.3079,2.24,4.1
2025-12-19,1.1721,1.17377,1.17026,1.17091,52746.0,1.1721,3.72,1.3379,2.24,4.16,326.031,31442.483,4.4,0.795,157.43,1.1729,3.72,1.3389,2.24,4.12,1.1731,3.72,1.3351,2.26,4.19,1.1506,4.09,1.31,2.24,4.06
2025-12-22,1.1712,1.17692,1.1706,1.176,42841.0,1.175,3.72,1.3457,2.23,4.17,326.031,31442.483,4.4,0.7925,156.93,1.1721,3.72,1.3379,2.24,4.16,1.1756,3.72,1.338,2.25,4.18,1.1518,4.09,1.3096,2.23,4.04
2025-12-23,1.176,1.18019,1.17552,1.17942,51711.0,1.1776,3.72,1.3485,2.24,4.18,326.031,31442.483,4.4,0.7897,156.33,1.175,3.72,1.3457,2.23,4.17,1.177,3.72,1.3429,2.23,4.15,1.1553,4.09,1.3174,2.22,4.01
2025-12-24,1.17941,1.18077,1.17726,1.17764,55551.0,1.178,3.72,1.3505,2.24,4.15,326.031,31442.483,4.4,0.7887,155.83,1.1776,3.72,1.3485,2.24,4.18,1.1748,3.72,1.339,2.24,4.16,1.1591,4.09,1.3228,2.23,4.0
2025-12-26,1.17769,1.17967,1.17615,1.17712,69962.0,1.1766,3.72,1.3492,2.23,4.14,326.031,31442.483,4.4,0.79,156.63,1.178,3.72,1.3505,2.24,4.15,1.1729,3.72,1.3389,2.24,4.12,1.1591,4.09,1.3228,2.23,4.0
2025-12-29,1.17631,1.1789,1.17494,1.17721,69209.0,1.1756,3.72,1.3497,2.22,4.12,326.031,31442.483,4.4,0.7899,156.1,1.1766,3.72,1.3492,2.23,4.14,1.1721,3.72,1.3379,2.24,4.16,1.16,4.09,1.3239,2.23,4.02
2025-12-30,1.17714,1.17796,1.17432,1.17476,56394.0,1.1765,3.72,1.348,2.24,4.14,326.031,31442.483,4.4,0.7907,156.26,1.1756,3.72,1.3497,2.22,4.12,1.175,3.72,1.3457,2.23,4.17,1.1623,3.72,1.3229,2.24,4.09
2025-12-31,1.17476,1.17593,1.17199,1.17455,62225.0,1.1736,3.72,1.3447,2.25,4.18,326.031,31442.483,4.4,0.7936,156.8,1.1765,3.72,1.348,2.24,4.14,1.1776,3.72,1.3485,2.24,4.18,1.1596,3.72,1.3186,2.24,4.09
2026-01-02,1.17486,1.17648,1.17131,1.17197,64850.0,1.1738,3.72,1.3481,2.25,4.19,326.031,31442.483,4.4,0.7918,156.72,1.1736,3.72,1.3447,2.25,4.18,1.178,3.72,1.3505,2.24,4.15,1.166,3.72,1.3334,2.24,4.06
2026-01-05,1.17181,1.17288,1.16589,1.17211,82408.0,1.1715,3.72,1.3527,2.26,4.17,326.031,31442.483,4.4,0.7924,156.32,1.1738,3.72,1.3481,2.25,4.19,1.1766,3.72,1.3492,2.23,4.14,1.1659,3.72,1.3355,2.26,4.11
2026-01-06,1.17211,1.17427,1.16838,1.16882,73182.0,1.1689,3.72,1.3497,2.27,4.18,326.031,31442.483,4.4,0.7954,156.7,1.1715,3.72,1.3527,2.26,4.17,1.1756,3.72,1.3497,2.22,4.12,1.1635,3.72,1.3324,2.26,4.14
2026-01-07,1.16883,1.17025,1.16729,1.16733,66583.0,1.169,3.72,1.3474,2.27,4.15,326.031,31442.483,4.4,0.7967,156.73,1.1689,3.72,1.3497,2.27,4.18,1.1765,3.72,1.348,2.24,4.14,1.1626,3.72,1.3321,2.26,4.17
2026-01-08,1.16733,1.16829,1.16425,1.16593,64439.0,1.1655,3.72,1.343,2.27,4.19,326.031,31442.483,4.4,0.7993,156.9,1.169,3.72,1.3474,2.27,4.15,1.1736,3.72,1.3447,2.25,4.18,1.1639,3.72,1.332,2.26,4.18
2026-01-09,1.16593,1.16621,1.1618,1.16367,78485.0,1.1634,3.72,1.3413,2.28,4.18,326.031,31442.483,4.4,0.8012,158.07,1.1655,3.72,1.343,2.27,4.19,1.1738,3.72,1.3481,2.25,4.19,1.165,3.72,1.334,2.25,4.13
2026-01-12,1.16253,1.16985,1.16214,1.16663,72464.0,1.1672,3.72,1.3466,2.29,4.19,326.031,31442.483,4.4,0.7972,158.15,1.1634,3.72,1.3413,2.28,4.18,1.1715,3.72,1.3527,2.26,4.17,1.1756,3.72,1.3428,2.25,4.14
2026-01-13,1.16663,1.16775,1.16341,1.1642,73018.0,1.1646,3.72,1.3436,2.3,4.18,326.031,31442.483,4.4,0.8005,159.06,1.1672,3.72,1.3466,2.29,4.19,1.1689,3.72,1.3497,2.27,4.18,1.1731,3.72,1.3351,2.26,4.19
2026-01-14,1.1642,1.16616,1.16352,1.16437,65261.0,1.1655,3.72,1.3445,2.29,4.15,326.031,31442.483,4.4,0.7987,158.13,1.1646,3.72,1.3436,2.3,4.18,1.169,3.72,1.3474,2.27,4.15,1.1756,3.72,1.338,2.25,4.18
2026-01-15,1.16438,1.16468,1.15929,1.16077,60846.0,1.1605,3.72,1.3387,2.29,4.17,326.031,31442.483,4.4,0.803,158.5,1.1655,3.72,1.3445,2.29,4.15,1.1655,3.72,1.343,2.27,4.19,1.177,3.72,1.3429,2.23,4.15
2026-01-16,1.16077,1.16273,1.15843,1.15985,62630.0,1.1599,3.72,1.3384,2.33,4.24,326.031,31442.483,4.4,0.8026,158.02,1.1605,3.72,1.3387,2.29,4.17,1.1634,3.72,1.3413,2.28,4.18,1.1748,3.72,1.339,2.24,4.16
2026-01-19,1.15818,1.16487,1.15775,1.16448,68581.0,1.1599,3.72,1.3384,2.33,4.24,326.031,31442.483,4.4,0.8026,158.02,1.1599,3.72,1.3384,2.33,4.24,1.1672,3.72,1.3466,2.29,4.19,1.1729,3.72,1.3389,2.24,4.12
2026-01-20,1.16448,1.17688,1.16325,1.17241,108726.0,1.1739,3.72,1.3472,2.33,4.3,326.031,31442.483,4.4,0.7891,157.89,1.1599,3.72,1.3384,2.33,4.24,1.1646,3.72,1.3436,2.3,4.18,1.1721,3.72,1.3379,2.24,4.16
2026-01-21,1.17241,1.1743,1.16762,1.1682,97103.0,1.1705,3.72,1.343,2.34,4.26,326.031,31442.483,4.4,0.7929,158.16,1.1739,3.72,1.3472,2.33,4.3,1.1655,3.72,1.3445,2.29,4.15,1.175,3.72,1.3457,2.23,4.17
2026-01-22,1.1682,1.1756,1.16697,1.17544,75582.0,1.1738,3.72,1.3489,2.31,4.26,326.031,31442.483,4.4,0.7905,158.36,1.1705,3.72,1.343,2.34,4.26,1.1605,3.72,1.3387,2.29,4.17,1.1776,3.72,1.3485,2.24,4.18
2026-01-23,1.17544,1.18334,1.17282,1.18303,92978.0,1.1771,3.72,1.359,2.32,4.24,326.031,31442.483,4.4,0.7879,157.57,1.1738,3.72,1.3489,2.31,4.26,1.1599,3.72,1.3384,2.33,4.24,1.178,3.72,1.3505,2.24,4.15
2026-01-26,1.18632,1.1907,1.18349,1.18802,123609.0,1.1886,3.72,1.3699,2.32,4.22,326.031,31442.483,4.4,0.7753,153.88,1.1771,3.72,1.359,2.32,4.24,1.1599,3.72,1.3384,2.33,4.24,1.1766,3.72,1.3492,2.23,4.14
2026-01-27,1.18802,1.20819,1.18502,1.20384,141633.0,1.198,3.72,1.3782,2.34,4.24,326.031,31442.483,4.4,0.7666,153.03,1.1886,3.72,1.3699,2.32,4.22,1.1739,3.72,1.3472,2.33,4.3,1.1756,3.72,1.3497,2.22,4.12
2026-01-28,1.20384,1.20449,1.18956,1.19536,154158.0,1.1941,3.72,1.3787,2.36,4.26,326.031,31442.483,4.4,0.7694,153.6,1.198,3.72,1.3782,2.34,4.24,1.1705,3.72,1.343,2.34,4.26,1.1765,3.72,1.348,2.24,4.14
2026-01-29,1.19536,1.19963,1.1906,1.19704,150707.0,1.1943,3.72,1.3795,2.35,4.24,326.031,31442.483,4.4,0.7674,152.88,1.1941,3.72,1.3787,2.36,4.26,1.1738,3.72,1.3489,2.31,4.26,1.1736,3.72,1.3447,2.25,4.18
2026-01-30,1.19704,1.19744,1.18497,1.18503,177802.0,1.1885,3.72,1.3729,2.36,4.26,326.031,31442.483,4.4,0.771,154.34,1.1943,3.72,1.3795,2.35,4.24,1.1771,3.72,1.359,2.32,4.24,1.1738,3.72,1.3481,2.25,4.19
2026-02-02,1.18491,1.18746,1.17758,1.17904,155138.0,1.1807,3.72,1.3654,2.35,4.29,326.031,31442.483,4.4,0.7797,155.5,1.1885,3.72,1.3729,2.36,4.26,1.1886,3.72,1.3699,2.32,4.22,1.1715,3.72,1.3527,2.26,4.17
2026-02-03,1.17904,1.18288,1.17799,1.18168,103914.0,1.1819,3.72,1.3701,2.36,4.28,326.031,31442.483,4.4,0.7749,155.7,1.1807,3.72,1.3654,2.35,4.29,1.198,3.72,1.3782,2.34,4.24,1.1689,3.72,1.3497,2.27,4.18
2026-02-04,1.18168,1.18379,1.17904,1.18068,103172.0,1.1803,3.72,1.3659,2.35,4.29,326.031,31442.483,4.4,0.7767,156.61,1.1819,3.72,1.3701,2.36,4.28,1.1941,3.72,1.3787,2.36,4.26,1.169,3.72,1.3474,2.27,4.15
2026-02-05,1.18069,1.18217,1.17747,1.17769,105431.0,1.1802,3.72,1.3551,2.32,4.21,326.031,31442.483,4.4,0.7772,156.91,1.1803,3.72,1.3659,2.35,4.29,1.1943,3.72,1.3795,2.35,4.24,1.1655,3.72,1.343,2.27,4.19
2026-02-06,1.17764,1.18261,1.17656,1.18141,78570.0,1.1812,3.72,1.3606,2.34,4.22,326.031,31442.483,4.4,0.7758,157.1,1.1802,3.72,1.3551,2.32,4.21,1.1885,3.72,1.3729,2.36,4.26,1.1634,3.72,1.3413,2.28,4.18
2026-02-09,1.18095,1.19266,1.18078,1.19123,108085.0,1.1898,3.72,1.3667,2.35,4.22,326.031,31442.483,4.4,0.7679,156.08,1.1812,3.72,1.3606,2.34,4.22,1.1807,3.72,1.3654,2.35,4.29,1.1672,3.72,1.3466,2.29,4.19
2026-02-10,1.19123,1.19286,1.18866,1.18946,91338.0,1.1898,3.72,1.3664,2.32,4.16,326.031,31442.483,4.4,0.7668,154.28,1.1898,3.72,1.3667,2.35,4.22,1.1819,3.72,1.3701,2.36,4.28,1.1646,3.72,1.3436,2.3,4.18
2026-02-11,1.18946,1.19272,1.18328,1.18714,109663.0,1.1884,3.72,1.3654,2.32,4.18,326.031,31442.483,4.4,0.77,152.93,1.1898,3.72,1.3664,2.32,4.16,1.1803,3.72,1.3659,2.35,4.29,1.1655,3.72,1.3445,2.29,4.15
2026-02-12,1.18708,1.18898,1.18515,1.187,98895.0,1.187,3.72,1.3632,2.29,4.09,326.031,31442.483,4.4,0.7693,152.64,1.1884,3.72,1.3654,2.32,4.18,1.1802,3.72,1.3551,2.32,4.21,1.1605,3.72,1.3387,2.29,4.17
2026-02-13,1.187,1.18848,1.18468,1.18689,82888.0,1.187,3.72,1.3644,2.27,4.04,326.031,31442.483,4.4,0.7685,152.77,1.187,3.72,1.3632,2.29,4.09,1.1812,3.72,1.3606,2.34,4.22,1.1599,3.72,1.3384,2.33,4.24
2026-02-16,1.18642,1.18752,1.18423,1.18506,48881.0,1.187,3.72,1.3644,2.27,4.04,326.031,31442.483,4.4,0.7685,152.77,1.187,3.72,1.3644,2.27,4.04,1.1898,3.72,1.3667,2.35,4.22,1.1599,3.72,1.3384,2.33,4.24
2026-02-17,1.18507,1.1855,1.1804,1.1855,82397.0,1.1831,3.72,1.354,2.26,4.05,326.031,31442.483,4.4,0.7718,153.57,1.187,3.72,1.3644,2.27,4.04,1.1898,3.72,1.3664,2.32,4.16,1.1739,3.72,1.3472,2.33,4.3
2026-02-18,1.1855,1.18574,1.178,1.17824,75163.0,1.181,3.72,1.3536,2.29,4.09,326.031,31442.483,4.4,0.7723,154.45,1.1831,3.72,1.354,2.26,4.05,1.1884,3.72,1.3654,2.32,4.18,1.1705,3.72,1.343,2.34,4.26
2026-02-19,1.17822,1.18076,1.17418,1.17729,76545.0,1.1762,3.72,1.3446,2.29,4.08,326.031,31442.483,4.4,0.7758,154.96,1.181,3.72,1.3536,2.29,4.09,1.187,3.72,1.3632,2.29,4.09,1.1738,3.72,1.3489,2.31,4.26
2026-02-20,1.17721,1.18075,1.17432,1.17816,101532.0,1.1781,3.72,1.35,2.28,4.08,326.031,31442.483,4.4,0.7756,154.99,1.1762,3.72,1.3446,2.29,4.08,1.187,3.72,1.3644,2.27,4.04,1.1771,3.72,1.359,2.32,4.24
2026-02-23,1.17905,1.18346,1.17744,1.17848,82450.0,1.1804,3.72,1.3509,2.26,4.03,326.031,31442.483,4.4,0.7734,154.3,1.1781,3.72,1.35,2.28,4.08,1.187,3.72,1.3644,2.27,4.04,1.1886,3.72,1.3699,2.32,4.22
2026-02-24,1.17847,1.17962,1.17659,1.17718,71658.0,1.1789,3.72,1.3531,2.26,4.04,326.031,31442.483,4.4,0.7734,155.66,1.1804,3.72,1.3509,2.26,4.03,1.1831,3.72,1.354,2.26,4.05,1.198,3.72,1.3782,2.34,4.24
2026-02-25,1.17718,1.18142,1.17709,1.18096,70923.0,1.1804,3.72,1.3552,2.28,4.05,326.031,31442.483,4.4,0.7728,156.3,1.1789,3.72,1.3531,2.26,4.04,1.181,3.72,1.3536,2.29,4.09,1.1941,3.72,1.3787,2.36,4.26
2026-02-26,1.18096,1.18289,1.17738,1.1795,72648.0,1.1792,3.72,1.3504,2.28,4.02,326.031,31442.483,4.4,0.7738,156.13,1.1804,3.72,1.3552,2.28,4.05,1.1762,3.72,1.3446,2.29,4.08,1.1943,3.72,1.3795,2.35,4.24
2026-02-27,1.17974,1.18269,1.17887,1.18132,79286.0,1.1822,3.72,1.3455,2.25,3.97,326.031,31442.483,4.4,0.7686,156.05,1.1792,3.72,1.3504,2.28,4.02,1.1781,3.72,1.35,2.28,4.08,1.1885,3.72,1.3729,2.36,4.26
2026-03-02,1.17713,1.17957,1.16716,1.16867,142794.0,1.169,3.72,1.3393,2.29,4.05,326.031,31442.483,4.4,0.7797,157.48,1.1822,3.72,1.3455,2.25,3.97,1.1804,3.72,1.3509,2.26,4.03,1.1807,3.72,1.3654,2.35,4.29
2026-03-03,1.16865,1.17068,1.15301,1.1613,180285.0,1.1604,3.72,1.333,2.29,4.06,326.031,31442.483,4.4,0.7828,157.69,1.169,3.72,1.3393,2.29,4.05,1.1789,3.72,1.3531,2.26,4.04,1.1819,3.72,1.3701,2.36,4.28
2026-03-04,1.16134,1.16546,1.15745,1.1633,144065.0,1.1638,3.72,1.337,2.29,4.09,326.031,31442.483,4.4,0.7798,156.93,1.1604,3.72,1.333,2.29,4.06,1.1804,3.72,1.3552,2.28,4.05,1.1803,3.72,1.3659,2.35,4.29
2026-03-05,1.1633,1.16474,1.15587,1.1608,166979.0,1.1585,3.72,1.332,2.31,4.13,326.031,31442.483,4.4,0.7819,157.58,1.1638,3.72,1.337,2.29,4.09,1.1792,3.72,1.3504,2.28,4.02,1.1802,3.72,1.3551,2.32,4.21
2026-03-06,1.16079,1.16215,1.1546,1.16169,176085.0,1.1606,3.72,1.3398,2.35,4.15,326.031,31442.483,4.4,0.7778,157.64,1.1585,3.72,1.332,2.31,4.13,1.1822,3.72,1.3455,2.25,3.97,1.1812,3.72,1.3606,2.34,4.22
2026-03-09,1.15465,1.16377,1.1507,1.16366,241498.0,1.1592,3.72,1.3395,2.34,4.12,326.031,31442.483,4.4,0.7787,158.08,1.1606,3.72,1.3398,2.35,4.15,1.169,3.72,1.3393,2.29,4.05,1.1898,3.72,1.3667,2.35,4.22
2026-03-10,1.16366,1.16673,1.16053,1.161,183027.0,1.1648,3.72,1.346,2.33,4.15,326.031,31442.483,4.4,0.7753,157.6,1.1592,3.72,1.3395,2.34,4.12,1.1604,3.72,1.333,2.29,4.06,1.1898,3.72,1.3664,2.32,4.16
2026-03-11,1.161,1.16455,1.15608,1.15729,156593.0,1.1566,3.72,1.3399,2.36,4.21,326.031,31442.483,4.4,0.7806,158.83,1.1648,3.72,1.346,2.33,4.15,1.1638,3.72,1.337,2.29,4.09,1.1884,3.72,1.3654,2.32,4.18
2026-03-12,1.15729,1.15744,1.15086,1.15116,134860.0,1.1522,3.72,1.335,2.38,4.27,326.031,31442.483,4.4,0.7844,159.21,1.1566,3.72,1.3399,2.36,4.21,1.1585,3.72,1.332,2.31,4.13,1.187,3.72,1.3632,2.29,4.09
2026-03-13,1.15116,1.15298,1.14108,1.1416,146825.0,1.1444,3.72,1.324,2.36,4.28,326.031,31442.483,4.4,0.7898,159.54,1.1522,3.72,1.335,2.38,4.27,1.1606,3.72,1.3398,2.35,4.15,1.187,3.72,1.3644,2.27,4.04
2026-03-16,1.14275,1.15247,1.1414,1.15056,127355.0,1.1487,3.72,1.3302,2.36,4.23,326.031,31442.483,4.4,0.7887,159.3,1.1444,3.72,1.324,2.36,4.28,1.1592,3.72,1.3395,2.34,4.12,1.187,3.72,1.3644,2.27,4.04
2026-03-17,1.15056,1.15472,1.14658,1.15359,95155.0,1.1525,3.72,1.3345,2.37,4.2,326.031,31442.483,4.4,0.7857,159.03,1.1487,3.72,1.3302,2.36,4.23,1.1648,3.72,1.346,2.33,4.15,1.1831,3.72,1.354,2.26,4.05
2026-03-18,1.15359,1.15552,1.14488,1.14668,101698.0,1.1513,3.72,1.3323,2.4,4.26,326.031,31442.483,4.4,0.7892,159.48,1.1525,3.72,1.3345,2.37,4.2,1.1566,3.72,1.3399,2.36,4.21,1.181,3.72,1.3536,2.29,4.09
2026-03-19,1.14667,1.16161,1.14428,1.15815,155928.0,1.1515,3.72,1.3361,2.37,4.25,326.031,31442.483,4.4,0.7924,158.19,1.1513,3.72,1.3323,2.4,4.26,1.1522,3.72,1.335,2.38,4.27,1.1762,3.72,1.3446,2.29,4.08
2026-03-20,1.15815,1.15951,1.15242,1.15713,111460.0,1.1543,3.72,1.3303,2.38,4.39,326.031,31442.483,4.4,0.789,159.26,1.1515,3.72,1.3361,2.37,4.25,1.1444,3.72,1.324,2.36,4.28,1.1781,3.72,1.35,2.28,4.08
2026-03-23,1.15416,1.16397,1.14835,1.16147,200157.0,1.1543,3.72,1.3303,2.33,4.39,326.031,31442.483,4.4,0.789,159.26,1.1543,3.72,1.3303,2.38,4.39,1.1487,3.72,1.3302,2.36,4.23,1.1804,3.72,1.3509,2.26,4.03
