Symbol,Timeframe,Rows,Features,Date_Range,Missing_Values
EURUSD,1H,264,30,2025-03-17 to 2026-03-23,207
EURUSD,4H,264,30,2025-03-17 to 2026-03-23,207
EURUSD,1D,264,30,2025-03-17 to 2026-03-23,207
USDJPY,1H,264,30,2025-03-17 to 2026-03-23,207
USDJPY,4H,264,30,2025-03-17 to 2026-03-23,207
USDJPY,1D,264,30,2025-03-17 to 2026-03-23,207
GBPUSD,1H,264,30,2025-03-17 to 2026-03-23,207
GBPUSD,4H,264,30,2025-03-17 to 2026-03-23,207
GBPUSD,1D,264,30,2025-03-17 to 2026-03-23,207
USDCHF,1H,264,30,2025-03-17 to 2026-03-23,207
USDCHF,4H,264,30,2025-03-17 to 2026-03-23,207
USDCHF,1D,264,30,2025-03-17 to 2026-03-23,207
